title,year,duration,rating,votes,img_url
Um Sonho de Liberdade,1994,2h 22m,9.3,2.8M,https://m.media-amazon.com/images/M/MV5BNDE3ODcxYzMtY2YzZC00NmNlLWJiNDMtZDViZWM2MzIxZDYwXkEyXkFqcGdeQXVyNjAwNDUxODI@._V1_QL75_UX140_CR0
O Poderoso Chefão,1972,2h 55m,9.2,2M,https://m.media-amazon.com/images/M/MV5BZjgwNzE5ODgtYzAyZC00YTZhLThhNDktMDVlOGNhYzk5NTVkXkEyXkFqcGdeQXVyMTAzMDM4MjM0._V1_QL75_UY207_CR3
Batman: O Cavaleiro das Trevas,2008,2h 32m,9.0,2.8M,https://m.media-amazon.com/images/M/MV5BM2E1ZjEyYWQtMjgyMy00ZTkwLThkM2QtN2YwM2NmYzAyYjE0XkEyXkFqcGdeQXVyMTAzMDM4MjM0._V1_QL75_UY207_CR8
O Poderoso Chefão II,1974,3h 22m,9.0,1.3M,https://m.media-amazon.com/images/M/MV5BOGM2M2Q0ZWQtZjc5NC00NDY4LWIxYTktMDE4ZjIyYTRlNTIyXkEyXkFqcGdeQXVyODc0OTEyNDU@._V1_QL75_UY207_CR4
12 Homens e uma Sentença,1957,1h 36m,9.0,836K,https://m.media-amazon.com/images/M/MV5BODRmNWRiYmUtNGM2Yy00NTgwLTgxNzMtMGExYzI5NjllNjBhXkEyXkFqcGdeQXVyMTAzMDM4MjM0._V1_QL75_UY207_CR3
A Lista de Schindler,1993,3h 15m,9.0,1.4M,https://m.media-amazon.com/images/M/MV5BYjM5ZjYxNjQtZjdhYi00NzBiLTgyNGItOGU3YTYwYWE0NmEzXkEyXkFqcGdeQXVyMTAzMDM4MjM0._V1_QL75_UX140_CR0
O Senhor dos Anéis: O Retorno do Rei,2003,3h 21m,9.0,1.9M,https://m.media-amazon.com/images/M/MV5BNzZiOTI4MWItZGMxZC00NjZkLWJlOWUtMDY5YzE1NzhiNGRhXkEyXkFqcGdeQXVyODc0OTEyNDU@._V1_QL75_UY207_CR4
Pulp Fiction - Tempo de Violência,1994,2h 34m,8.9,2.2M,https://m.media-amazon.com/images/M/MV5BN2RiMTA1ZGQtOTNhYi00MjQyLTk0MzAtMWE1OTM2NWUxNzBkXkEyXkFqcGdeQXVyMTAzMDM4MjM0._V1_QL75_UX140_CR0
O Senhor dos Anéis: A Sociedade do Anel,2001,2h 58m,8.8,2M,https://m.media-amazon.com/images/M/MV5BNDEyMzU0ODUtMTdjOS00Y2E2LWJlZmEtYmJjMmQ2NWZlNGQ1XkEyXkFqcGdeQXVyMTAzMDM4MjM0._V1_QL75_UY207_CR2
Três Homens em Conflito,1966,2h 41m,8.8,792K,https://m.media-amazon.com/images/M/MV5BNjJlYmNkZGItM2NhYy00MjlmLTk5NmQtNjg1NmM2ODU4OTMwXkEyXkFqcGdeQXVyMjUzOTY1NTc@._V1_QL75_UX140_CR0
Forrest Gump: O Contador de Histórias,1994,2h 22m,8.8,2.2M,https://m.media-amazon.com/images/M/MV5BYWYwNWY0ZjMtYzUxZS00ODI3LTllNzctODNiNjhlNjcyNWM0XkEyXkFqcGdeQXVyMjcwMzM0OTI@._V1_QL75_UX140_CR0
Clube da Luta,1999,2h 19m,8.8,2.2M,https://m.media-amazon.com/images/M/MV5BNDVhNjJlZmMtODJhOS00OWE4LTgxMzAtNjVlMzI0ZjI0OTMzXkEyXkFqcGdeQXVyMTAzMDM4MjM0._V1_QL75_UY207_CR4
O Senhor dos Anéis: As Duas Torres,2002,2h 59m,8.8,1.7M,https://m.media-amazon.com/images/M/MV5BZGMxZTdjZmYtMmE2Ni00ZTdkLWI5NTgtNjlmMjBiNzU2MmI5XkEyXkFqcGdeQXVyNjU0OTQ0OTY@._V1_QL75_UX140_CR0
A Origem,2010,2h 28m,8.8,2.5M,https://m.media-amazon.com/images/M/MV5BN2NiZDM5ZjQtNGJjNy00NzhmLWI1NzktZTgzYTkyZDFmYTg2XkEyXkFqcGdeQXVyMTYzMDM0NTU@._V1_QL75_UY207_CR1
Star Wars: Episódio V - O Império Contra-Ataca,1980,2h 4m,8.7,1.3M,https://m.media-amazon.com/images/M/MV5BNDQxYTExOWQtMzE4Zi00Yzg2LWEzYjUtMTBjMDdiYmY3ZTdjXkEyXkFqcGdeQXVyODc0OTEyNDU@._V1_QL75_UX140_CR0
Matrix,1999,2h 16m,8.7,2M,https://m.media-amazon.com/images/M/MV5BMzYxZGIyM2MtZDQ0NC00Y2M5LTk0NTAtNDk5ZTg1MjZjMTFiXkEyXkFqcGdeQXVyMTY4MjE1MDA@._V1_QL75_UX140_CR0
Os Bons Companheiros,1990,2h 25m,8.7,1.2M,https://m.media-amazon.com/images/M/MV5BOTI1ZWU1MWUtYzRjZC00ZjA3LTliOTMtZjkxYTczYTE2N2YwXkEyXkFqcGdeQXVyMTAzMDM4MjM0._V1_QL75_UY207_CR3
Um Estranho no Ninho,1975,2h 13m,8.7,1M,https://m.media-amazon.com/images/M/MV5BYjBlZjA2OTctZjVjMS00YzYzLTk3NDYtNjc4ZWVmNzQyNjZkXkEyXkFqcGdeQXVyMTAyOTE2ODg0._V1_QL75_UY207_CR4
Seven: Os Sete Crimes Capitais,1995,2h 7m,8.6,1.7M,https://m.media-amazon.com/images/M/MV5BZDgyZmY5MmItY2I3Ny00NjA4LWFhNmItMGQ4ZGJhZDk5YjU3XkEyXkFqcGdeQXVyMTAzMDM4MjM0._V1_QL75_UY207_CR3
A Felicidade Não se Compra,1946,2h 10m,8.6,480K,https://m.media-amazon.com/images/M/MV5BMTYyOTAzZDUtMWUzYS00MjY4LTlmMTgtMGI5NzdmMWI5Y2FmXkEyXkFqcGdeQXVyODc0OTEyNDU@._V1_QL75_UY207_CR4
Os Sete Samurais,1954,3h 27m,8.6,359K,https://m.media-amazon.com/images/M/MV5BMTAzY2Q4OGUtMzg4Ni00YTBlLThkMDgtMTVlMjY0ZGRlMzdjXkEyXkFqcGdeQXVyMjQwMDg0Ng@@._V1_QL75_UY207_CR4
Homem-Aranha: Através do Aranhaverso,2023,2h 20m,8.7,277K,https://m.media-amazon.com/images/M/MV5BZDNhMjVmZWItN2M2OS00YzlmLWJlOTUtNjVjMGQ0Nzk2MDkwXkEyXkFqcGdeQXVyMTM1MjYzNjQ5._V1_QL75_UY207_CR14
Interestelar,2014,2h 49m,8.7,2M,https://m.media-amazon.com/images/M/MV5BMzg0NzYyNDMtZTkxMS00NmYzLWJkMDAtMmNlYTY1MTRmM2IwXkEyXkFqcGdeQXVyMTYzMDM0NTU@._V1_QL75_UY207_CR2
O Silêncio dos Inocentes,1991,1h 58m,8.6,1.5M,https://m.media-amazon.com/images/M/MV5BMzNkMGM2OWItYmNiYS00YmZhLTg0ZjctOGYxMTE2ODZmNGFiXkEyXkFqcGdeQXVyMTAzMDM4MjM0._V1_QL75_UY207_CR8
O Resgate do Soldado Ryan,1998,2h 49m,8.6,1.5M,https://m.media-amazon.com/images/M/MV5BMTYyMDRiNTQtNjY4NC00MWI1LWIyZTAtYjQ1ZDJjMjdkYzM0XkEyXkFqcGdeQXVyODc0OTEyNDU@._V1_QL75_UY207_CR4
Cidade de Deus,2002,2h 10m,8.6,784K,https://m.media-amazon.com/images/M/MV5BMGU5OWEwZDItNmNkMC00NzZmLTk1YTctNzVhZTJjM2NlZTVmXkEyXkFqcGdeQXVyMTMxODk2OTU@._V1_QL75_UY207_CR0
A Vida é Bela,1997,1h 56m,8.6,725K,https://m.media-amazon.com/images/M/MV5BYTY3M2NhODAtMTRiNC00OThlLTg3YTAtNjIwNjU2Zjg1MDFhXkEyXkFqcGdeQXVyMTAyOTE2ODg0._V1_QL75_UY207_CR3
À Espera de um Milagre,1999,3h 9m,8.6,1.4M,https://m.media-amazon.com/images/M/MV5BODM5ODQxYWYtYjViYy00ZTYzLWI2YmQtZDMyYzUzZDE5M2M4XkEyXkFqcGdeQXVyMTAzMDM4MjM0._V1_QL75_UY207_CR3
Star Wars: Episódio IV - Uma Nova Esperança,1977,2h 1m,8.6,1.4M,https://m.media-amazon.com/images/M/MV5BOTA5NjhiOTAtZWM0ZC00MWNhLThiMzEtZDFkOTk2OTU1ZDJkXkEyXkFqcGdeQXVyMTA4NDI1NTQx._V1_QL75_UX140_CR0
O Exterminador do Futuro 2: O Julgamento Final,1991,2h 17m,8.6,1.1M,https://m.media-amazon.com/images/M/MV5BM2U5ODMyNDMtODEzZC00NWM0LWFlMTYtMTkyZTYxNjkzZGRjXkEyXkFqcGdeQXVyMTY4MjE1MDA@._V1_QL75_UY207_CR0
De Volta para o Futuro,1985,1h 56m,8.5,1.3M,https://m.media-amazon.com/images/M/MV5BYzA0YTY4NTctYTg2Mi00MzNhLWJiMmYtNjNhMTk1MTBmZDU3XkEyXkFqcGdeQXVyMTAzMDM4MjM0._V1_QL75_UY207_CR1
A Viagem de Chihiro,2001,2h 5m,8.6,814K,https://m.media-amazon.com/images/M/MV5BMjlmZmI5MDctNDE2YS00YWE0LWE5ZWItZDBhYWQ0NTcxNWRhXkEyXkFqcGdeQXVyMTMxODk2OTU@._V1_QL75_UX140_CR0
O Pianista,2002,2h 30m,8.5,882K,https://m.media-amazon.com/images/M/MV5BZTQ5MmY1M2EtNGIwNy00N2E2LTg3YTQtYTZkNjlhYTYwMzk5XkEyXkFqcGdeQXVyMTAzMDM4MjM0._V1_QL75_UY207_CR2
Psicose,1960,1h 49m,8.5,701K,https://m.media-amazon.com/images/M/MV5BY2QzYTNmN2QtMmM3MC00NWRhLThiOWYtZGJkMTEyMjI3YTkxXkEyXkFqcGdeQXVyMTAyOTE2ODg0._V1_QL75_UY207_CR8
Parasita,2019,2h 12m,8.5,894K,https://m.media-amazon.com/images/M/MV5BYWZjMjk3ZTItODQ2ZC00NTY5LWE0ZDYtZTI3MjcwN2Q5NTVkXkEyXkFqcGdeQXVyODk4OTc3MTY@._V1_QL75_UX140_CR0
Gladiador,2000,2h 35m,8.5,1.6M,https://m.media-amazon.com/images/M/MV5BZjdiZTI5YTgtZDdiNi00YzhmLTllMWEtZDM1ZjJiMzUyYTc5XkEyXkFqcGdeQXVyMTAyOTE2ODg0._V1_QL75_UY207_CR3
O Rei Leão,1994,1h 28m,8.5,1.1M,https://m.media-amazon.com/images/M/MV5BOWMwNzYzMjAtMDUwMS00YzEyLTlmZGQtNzUwNGVlMDkwNTcwXkEyXkFqcGdeQXVyMTAzMDM4MjM0._V1_QL75_UY207_CR9
O Profissional,1994,1h 50m,8.5,1.2M,https://m.media-amazon.com/images/M/MV5BZjZhNjU0Y2ItNDhmMC00NzhhLWJlMmMtZDAwMWU5MzU3Zjg3XkEyXkFqcGdeQXVyMTAyOTE2ODg0._V1_QL75_UX140_CR0
A Outra História Americana,1998,1h 59m,8.5,1.2M,https://m.media-amazon.com/images/M/MV5BMDk4OTcwMjQtOWRiOS00OTM0LWIxZDgtOWFmNjdlYTIyMDc2XkEyXkFqcGdeQXVyMTAyOTE2ODg0._V1_QL75_UY207_CR4
Os Infiltrados,2006,2h 31m,8.5,1.4M,https://m.media-amazon.com/images/M/MV5BYTUxMGZhYjUtYWFiMC00NDE2LTkwMzMtM2U0ZjA4ZTg4MjI1XkEyXkFqcGdeQXVyMTAzMDM4MjM0._V1_QL75_UY207_CR3
Whiplash: Em Busca da Perfeição,2014,1h 46m,8.5,937K,https://m.media-amazon.com/images/M/MV5BZjZiNTFmNzAtMzFiMi00ZmFmLTkzZDItZWQzNGJkZjk5NGNlXkEyXkFqcGdeQXVyMTAyOTE2ODg0._V1_QL75_UY207_CR2
O Grande Truque,2006,2h 10m,8.5,1.4M,https://m.media-amazon.com/images/M/MV5BYjljNGQ2OWMtZWI2NC00NGQ5LWE3MTctODg3ZDllNGMxZGZiXkEyXkFqcGdeQXVyMTAzMDM4MjM0._V1_QL75_UY207_CR3
Os Suspeitos,1995,1h 46m,8.5,1.1M,https://m.media-amazon.com/images/M/MV5BOGE5NDRjNzctZDk2Zi00OGVjLWI4YzgtNzRkMjdjZjRhNmFjXkEyXkFqcGdeQXVyMTAzMDM4MjM0._V1_QL75_UY207_CR3
Túmulo dos Vagalumes,1988,1h 29m,8.5,297K,https://m.media-amazon.com/images/M/MV5BNDU1OWExYjYtOTZlMy00MWY5LThkOGMtZjBhNDdiYTY4YTM0XkEyXkFqcGdeQXVyMTAyOTE2ODg0._V1_QL75_UY207_CR3
Harakiri,1962,2h 13m,8.6,64K,https://m.media-amazon.com/images/M/MV5BYjBmYTQ1NjItZWU5MS00YjI0LTg2OTYtYmFkN2JkMmNiNWVkXkEyXkFqcGdeQXVyMTMxMTY0OTQ@._V1_QL75_UY207_CR6
Casablanca,1942,1h 42m,8.5,593K,https://m.media-amazon.com/images/M/MV5BY2IzZGY2YmEtYzljNS00NTM5LTgwMzUtMzM1NjQ4NGI0OTk0XkEyXkFqcGdeQXVyNDYyMDk5MTU@._V1_QL75_UX140_CR0
Oppenheimer,2023,3h,8.5,461K,https://m.media-amazon.com/images/M/MV5BMjg4OTkxNzUtOGQ0My00MzQxLWIyZmItMzIyY2FlZTRhMDcxXkEyXkFqcGdeQXVyMTA3MDk2NDg2._V1_QL75_UX140_CR0
Intocáveis,2011,1h 52m,8.5,901K,https://m.media-amazon.com/images/M/MV5BMTYxNDA3MDQwNl5BMl5BanBnXkFtZTcwNTU4Mzc1Nw@@._V1_QL75_UX140_CR0
Tempos Modernos,1936,1h 27m,8.5,253K,https://m.media-amazon.com/images/M/MV5BYzk1MDkxMWUtMTFmYS00YzA0LWE1YjctZjAxNjUwZTJkNTZkXkEyXkFqcGdeQXVyMDUyOTUyNQ@@._V1_QL75_UX140_CR0
Cinema Paradiso,1988,2h 35m,8.5,275K,https://m.media-amazon.com/images/M/MV5BM2FhYjEyYmYtMDI1Yy00YTdlLWI2NWQtYmEzNzAxOGY1NjY2XkEyXkFqcGdeQXVyNTA3NTIyNDg@._V1_QL75_UX140_CR0
Era uma Vez no Oeste,1968,2h 45m,8.5,342K,https://m.media-amazon.com/images/M/MV5BODQ3NDExOGYtMzI3Mi00NWRlLTkwNjAtNjc4MDgzZGJiZTA1XkEyXkFqcGdeQXVyMjUzOTY1NTc@._V1_QL75_UX140_CR0
Janela Indiscreta,1954,1h 52m,8.5,510K,https://m.media-amazon.com/images/M/MV5BMjE4YjMxZGEtYTBmMi00OTQwLThjN2EtN2Y0ZGJjMmMxOWM4XkEyXkFqcGdeQXVyMTAyOTE2ODg0._V1_QL75_UY207_CR4
Alien - O 8º Passageiro,1979,1h 57m,8.5,923K,https://m.media-amazon.com/images/M/MV5BOGQzZTBjMjQtOTVmMS00NGE5LWEyYmMtOGQ1ZGZjNmRkYjFhXkEyXkFqcGdeQXVyMjUzOTY1NTc@._V1_QL75_UX140_CR0
Luzes da Cidade,1931,1h 27m,8.5,192K,https://m.media-amazon.com/images/M/MV5BY2I4MmM1N2EtM2YzOS00OWUzLTkzYzctNDc5NDg2N2IyODJmXkEyXkFqcGdeQXVyNzkwMjQ5NzM@._V1_QL75_UX140_CR0
Apocalypse Now,1979,2h 27m,8.4,694K,https://m.media-amazon.com/images/M/MV5BYmQyNTA1ZGItNjZjMi00NzFlLWEzMWEtNWMwN2Q2MjJhYzEyXkEyXkFqcGdeQXVyMjUzOTY1NTc@._V1_QL75_UX140_CR0
Amnésia,2000,1h 53m,8.4,1.3M,https://m.media-amazon.com/images/M/MV5BNWQ5YjRkYTEtZWJmNi00ZjhjLWE2YTgtMDE5ODlkNzdhYTRhXkEyXkFqcGdeQXVyMTAyOTE2ODg0._V1_QL75_UY207_CR2
Django Livre,2012,2h 45m,8.5,1.6M,https://m.media-amazon.com/images/M/MV5BZGVjNDhlYmQtMzZkMS00ZjkxLTg5Y2MtYzk4ZjI5NzBhMDJmXkEyXkFqcGdeQXVyMTAzMDM4MjM0._V1_QL75_UY207_CR1
Os Caçadores da Arca Perdida,1981,1h 55m,8.4,1M,https://m.media-amazon.com/images/M/MV5BZWE3OGQwYWMtNjAxMi00YjI4LWI3OWUtZjhkZTgxYjdkZDA4XkEyXkFqcGdeQXVyNzg5MzIyOA@@._V1_QL75_UY207_CR4
WALL·E,2008,1h 38m,8.4,1.2M,https://m.media-amazon.com/images/M/MV5BMjExMTg5OTU0NF5BMl5BanBnXkFtZTcwMjMxMzMzMw@@._V1_QL75_UX140_CR0
A Vida dos Outros,2006,2h 17m,8.4,402K,https://m.media-amazon.com/images/M/MV5BZmIxNDBhMTEtMTM0OS00OGM5LTlkZjYtNzNlOTk4MTM0NGQ4XkEyXkFqcGdeQXVyMTAyOTE2ODg0._V1_QL75_UY207_CR3
Crepúsculo dos Deuses,1950,1h 50m,8.4,231K,https://m.media-amazon.com/images/M/MV5BMTU0NTkyNzYwMF5BMl5BanBnXkFtZTgwMDU0NDk5MTI@._V1_QL75_UX140_CR0
Glória Feita de Sangue,1957,1h 28m,8.4,207K,https://m.media-amazon.com/images/M/MV5BMDZmMDQzNTctZDBjNy00MjE5LWFiNjktMmRjMWQxNTZlZjlkXkEyXkFqcGdeQXVyMTAyOTE2ODg0._V1_QL75_UY207_CR4
Vingadores: Guerra Infinita,2018,2h 29m,8.4,1.2M,https://m.media-amazon.com/images/M/MV5BMjMxNjY2MDU1OV5BMl5BanBnXkFtZTgwNzY1MTUwNTM@._V1_QL75_UX140_CR0
O Iluminado,1980,2h 26m,8.4,1.1M,https://m.media-amazon.com/images/M/MV5BZGExY2QxNjYtZGNkZi00ZThiLWI0MWMtZjEyOGY4MDkyZWUzXkEyXkFqcGdeQXVyMTAzMDM4MjM0._V1_QL75_UY207_CR15
O Grande Ditador,1940,2h 5m,8.4,233K,https://m.media-amazon.com/images/M/MV5BMmExYWJjNTktNGUyZS00ODhmLTkxYzAtNWIzOGEyMGNiMmUwXkEyXkFqcGdeQXVyNjU0OTQ0OTY@._V1_QL75_UY207_CR0
Testemunha de Acusação,1957,1h 56m,8.4,133K,https://m.media-amazon.com/images/M/MV5BNjU2ZWI0NGYtYWRiZC00Nzc0LWJmYzgtZWJkNTZhYTg1YzA4XkEyXkFqcGdeQXVyMTAyOTE2ODg0._V1_QL75_UY207_CR3
Homem-Aranha: No Aranhaverso,2018,1h 57m,8.4,634K,https://m.media-amazon.com/images/M/MV5BMmM0YWUyZjktNGZhOS00Njk1LTk5NWItODE0ZDY2N2I1YzNlXkEyXkFqcGdeQXVyMTAzMDM4MjM0._V1_QL75_UX140_CR0
"Aliens, O Resgate",1986,2h 17m,8.4,745K,https://m.media-amazon.com/images/M/MV5BMDVjMzMyZGEtOGZlNC00MTEwLTk5NTQtMzM0NDU1MDRiNzY4XkEyXkFqcGdeQXVyMTY4MjE1MDA@._V1_QL75_UY207_CR4
Bastardos Inglórios,2009,2h 33m,8.4,1.5M,https://m.media-amazon.com/images/M/MV5BM2M5YzVlMDctZWI2ZC00MjdlLWE1YzctMTQ5OGQ1NGJhZWMyXkEyXkFqcGdeQXVyMTAzMDM4MjM0._V1_QL75_UY207_CR4
Batman: O Cavaleiro das Trevas Ressurge,2012,2h 44m,8.4,1.8M,https://m.media-amazon.com/images/M/MV5BZTY5MzJmMTEtM2I2MC00M2UzLTg1NzktOWMzOTVmNzg2MTIxXkEyXkFqcGdeQXVyMTAyOTE2ODg0._V1_QL75_UY207_CR1
Beleza Americana,1999,2h 2m,8.3,1.2M,https://m.media-amazon.com/images/M/MV5BNDk1NWNjMzQtYjEzYy00YzhmLWEzYzgtMGU1NWZiYzljMWNjXkEyXkFqcGdeQXVyODc0OTEyNDU@._V1_QL75_UX140_CR0
Dr Fantástico,1964,1h 35m,8.4,508K,https://m.media-amazon.com/images/M/MV5BYWM4NDkwNDAtMmZjZC00YTIxLWI0Y2QtOGYyNzdlMTBhMjc5XkEyXkFqcGdeQXVyMTAyOTE2ODg0._V1_QL75_UY207_CR9
Oldboy,2003,2h,8.4,614K,https://m.media-amazon.com/images/M/MV5BMTI3NTQyMzU5M15BMl5BanBnXkFtZTcwMTM2MjgyMQ@@._V1_QL75_UX140_CR0
Viva: A Vida é uma Festa,2017,1h 45m,8.4,558K,https://m.media-amazon.com/images/M/MV5BMDUzZjgzOGUtZmNjOS00NTVlLWI4ZjAtZDg1MTc0NDQyMzU5XkEyXkFqcGdeQXVyMTYzMDM0NTU@._V1_QL75_UY207_CR3
Amadeus,1984,2h 40m,8.4,418K,https://m.media-amazon.com/images/M/MV5BNzI2MjM5NDEtNjJmZS00NTJiLTlkY2UtYjJhOGViYmU2ZTIxXkEyXkFqcGdeQXVyMTU3NTI2OTky._V1_QL75_UX140_CR0
Toy Story,1995,1h 21m,8.3,1M,https://m.media-amazon.com/images/M/MV5BMDU2ZWJlMjktMTRhMy00ZTA5LWEzNDgtYmNmZTEwZTViZWJkXkEyXkFqcGdeQXVyNDQ2OTk4MzI@._V1_QL75_UX140_CR0
O Barco: Inferno no Mar,1981,2h 29m,8.4,259K,https://m.media-amazon.com/images/M/MV5BMGEwNzBiMWItNmQ1Yi00MzEwLWFkY2ItNWE3NGJhYjEwZmVjXkEyXkFqcGdeQXVyMTAyOTE2ODg0._V1_QL75_UY207_CR3
Coração Valente,1995,2h 58m,8.3,1.1M,https://m.media-amazon.com/images/M/MV5BYmVmYWQ1YzMtYzZmNC00MDFmLWIwNGItOTczZTc0ODM1NDJiXkEyXkFqcGdeQXVyNjgxNzM0NDI@._V1_QL75_UY207_CR4
Vingadores: Ultimato,2019,3h 1m,8.4,1.2M,https://m.media-amazon.com/images/M/MV5BMTc5MDE2ODcwNV5BMl5BanBnXkFtZTgwMzI2NzQ2NzM@._V1_QL75_UX140_CR0
Coringa,2019,2h 2m,8.4,1.4M,https://m.media-amazon.com/images/M/MV5BZTk2YmY1OTMtN2NhYi00OGE4LWEwZWEtZDI4YWEyZWJmMWNmXkEyXkFqcGdeQXVyMTAyOTE2ODg0._V1_QL75_UX140_CR0
Princesa Mononoke,1997,2h 14m,8.3,417K,https://m.media-amazon.com/images/M/MV5BNTZkYmI0MmEtNGFlZC00OWZjLWFjMmItMjk1OWZkOWJiZGVjXkEyXkFqcGdeQXVyMTMxODk2OTU@._V1_QL75_UX140_CR0
Gênio Indomável,1997,2h 6m,8.3,1M,https://m.media-amazon.com/images/M/MV5BOTM0ZmYxMzktNGEwNy00YjUxLWJkZTgtMTI4MTYwZTNlNDQ0XkEyXkFqcGdeQXVyMTAyOTE2ODg0._V1_QL75_UY207_CR3
Your Name,2016,1h 46m,8.4,301K,https://m.media-amazon.com/images/M/MV5BODRmZDVmNzUtZDA4ZC00NjhkLWI2M2UtN2M0ZDIzNDcxYThjL2ltYWdlXkEyXkFqcGdeQXVyNTk0MzMzODA@._V1_QL75_UX140_CR0
Era uma Vez na América,1984,3h 49m,8.3,368K,https://m.media-amazon.com/images/M/MV5BMmQzZjdmZDAtOGE2Yy00MmUwLTljYzgtZTMwMjk3ZDdiOWUyXkEyXkFqcGdeQXVyNjc5NjEzNA@@._V1_QL75_UX140_CR0
3 Idiotas,2009,2h 50m,8.4,420K,https://m.media-amazon.com/images/M/MV5BNTkyOGVjMGEtNmQzZi00NzFlLTlhOWQtODYyMDc2ZGJmYzFhXkEyXkFqcGdeQXVyNjU0OTQ0OTY@._V1_QL75_UY207_CR2
Céu E Inferno,1963,2h 23m,8.4,50K,https://m.media-amazon.com/images/M/MV5BOTI4NTNhZDMtMWNkZi00MTRmLWJmZDQtMmJkMGVmZTEzODlhXkEyXkFqcGdeQXVyNjc1NTYyMjg@._V1_QL75_UX140_CR0
Cantando na Chuva,1952,1h 43m,8.3,254K,https://m.media-amazon.com/images/M/MV5BMWFmYmQ0YTEtMWExMi00ZjFmLTgyOTQtMDY3M2I2MDViNzgzXkEyXkFqcGdeQXVyMTAyOTE2ODg0._V1_QL75_UY207_CR8
Cafarnaum,2018,2h 6m,8.4,100K,https://m.media-amazon.com/images/M/MV5BMDU2NTYyMTMtZTY0YS00ZWVlLTg3OTktOTY1NmM4MzExOTZhXkEyXkFqcGdeQXVyMTAzMDM4MjM0._V1_QL75_UY207_CR1
Réquiem para um Sonho,2000,1h 42m,8.3,878K,https://m.media-amazon.com/images/M/MV5BZTRkYTQyZjktNjcxMC00MjU1LWEwMTktMTViNWMwY2UzZDcwXkEyXkFqcGdeQXVyMTAzMDM4MjM0._V1_QL75_UY207_CR12
Toy Story 3,2010,1h 43m,8.3,872K,https://m.media-amazon.com/images/M/MV5BMTgxOTY4Mjc0MF5BMl5BanBnXkFtZTcwNTA4MDQyMw@@._V1_QL75_UY207_CR3
Vá e Veja,1985,2h 22m,8.4,91K,https://m.media-amazon.com/images/M/MV5BZmU4YzNkNTEtYThkYS00YWIxLTg5OTgtZGNhMWYwMjY1ZDhlXkEyXkFqcGdeQXVyMTAyOTE2ODg0._V1_QL75_UY207_CR4
"Star Wars, Episódio VI: O Retorno do Jedi",1983,2h 11m,8.3,1.1M,https://m.media-amazon.com/images/M/MV5BMzI0NjA4MjEtNzE4Yi00ZWU5LThjNWItMzcyZjJhNDUzMjhlXkEyXkFqcGdeQXVyODc0OTEyNDU@._V1_QL75_UY207_CR3
Brilho Eterno de uma Mente sem Lembranças,2004,1h 48m,8.3,1M,https://m.media-amazon.com/images/M/MV5BNGFlMWFlYjAtMjY5ZC00YzRiLWFiN2EtYTQ3ZjE0MWI0YWUxXkEyXkFqcGdeQXVyMTAyOTE2ODg0._V1_QL75_UY207_CR1
2001: Uma Odisséia no Espaço,1968,2h 29m,8.3,701K,https://m.media-amazon.com/images/M/MV5BMzliZTc2NjItZTZkOC00MDFlLWEwNzAtYzUyZTkzZjhkNTU0XkEyXkFqcGdeQXVyMTAyOTE2ODg0._V1_QL75_UY207_CR4
A Caça,2012,1h 55m,8.3,351K,https://m.media-amazon.com/images/M/MV5BMTg2NDg3ODg4NF5BMl5BanBnXkFtZTcwNzk3NTc3Nw@@._V1_QL75_UY207_CR3
Cães de Aluguel,1992,1h 39m,8.3,1.1M,https://m.media-amazon.com/images/M/MV5BOWQwZGMwMWUtYzUwNy00NDk3LTk5YjktMGQ1M2E0NmI5M2MyXkEyXkFqcGdeQXVyMTAzMDM4MjM0._V1_QL75_UY207_CR3
Viver,1952,2h 23m,8.3,84K,https://m.media-amazon.com/images/M/MV5BYWM1YmZkNTctZDAwNy00ZTY4LWFjMTktYzU4ZjViMmU1OTJmXkEyXkFqcGdeQXVyMTA0MTM5NjI2._V1_QL75_UX140_CR0
Lawrence da Arábia,1962,3h 38m,8.3,307K,https://m.media-amazon.com/images/M/MV5BZDIyYzBjZWEtZTc3YS00MDIxLTgwODctOGFmZjZhZDQ4ODA3XkEyXkFqcGdeQXVyMTY4MjE1MDA@._V1_QL75_UY207_CR1
Cidadão Kane,1941,1h 59m,8.3,457K,https://m.media-amazon.com/images/M/MV5BMjhjYzBiMzItZjgxNy00MGRmLTgyYjEtMDE1MjBiMDY4M2EwXkEyXkFqcGdeQXVyMTAyOTE2ODg0._V1_QL75_UX140_CR0
"M, o Vampiro de Dusseldorf",1931,1h 57m,8.3,165K,https://m.media-amazon.com/images/M/MV5BODA4ODk3OTEzMF5BMl5BanBnXkFtZTgwMTQ2ODMwMzE@._V1_QL75_UX140_CR0
Se Meu Apartamento Falasse,1960,2h 5m,8.3,191K,https://m.media-amazon.com/images/M/MV5BNzkwODFjNzItMmMwNi00MTU5LWE2MzktM2M4ZDczZGM1MmViXkEyXkFqcGdeQXVyNDY2MTk1ODk@._V1_QL75_UX140_CR0
Intriga Internacional,1959,2h 16m,8.3,339K,https://m.media-amazon.com/images/M/MV5BMmNjMDNkN2ItMTg5Ni00ZTE3LWJhNjMtYzg1ZjFiMzZjMzg2XkEyXkFqcGdeQXVyMTAyOTE2ODg0._V1_QL75_UY207_CR11
Um Corpo que Cai,1958,2h 8m,8.3,418K,https://m.media-amazon.com/images/M/MV5BMjA5YWI5YzktM2JmNS00OTJiLTg4ODctYjE2YTgwMWEwNGFiXkEyXkFqcGdeQXVyODc0OTEyNDU@._V1_QL75_UY207_CR10
Pacto de Sangue,1944,1h 47m,8.3,164K,https://m.media-amazon.com/images/M/MV5BY2RlMTdiMmEtMWI2NS00NjdjLWI2ODItNzE1YzQzOTlkNGQ0XkEyXkFqcGdeQXVyMTAyOTE2ODg0._V1_QL75_UY207_CR2
O Fabuloso Destino de Amélie Poulain,2001,2h 2m,8.3,780K,https://m.media-amazon.com/images/M/MV5BZGEwNjkzYzktNzRkZC00OGUwLWE2OWEtZDg4YzE2MGRlOGQxXkEyXkFqcGdeQXVyMTU3NTI2OTky._V1_QL75_UX140_CR0
Scarface,1983,2h 50m,8.3,888K,https://m.media-amazon.com/images/M/MV5BOTlmOTAzOTAtM2Y5OC00NWMwLWI2ZWMtODlmMTNmNTZhNzJjXkEyXkFqcGdeQXVyMTAyOTE2ODg0._V1_QL75_UX140_CR0
Nascido para Matar,1987,1h 56m,8.3,772K,https://m.media-amazon.com/images/M/MV5BYjFjZWNiNTQtMWRmYy00NmMxLWFkOGMtYjJiMmIyYmE3YmQwXkEyXkFqcGdeQXVyMTAyOTE2ODg0._V1_QL75_UX140_CR0
Laranja Mecânica,1971,2h 16m,8.3,862K,https://m.media-amazon.com/images/M/MV5BYTE0ZGFkZDMtZTA5Ny00NjI3LWJmNTgtMzRhMDE2Zjk3YWI2XkEyXkFqcGdeQXVyNzg5MzIyOA@@._V1_QL75_UY207_CR4
Incêndios,2010,2h 11m,8.3,190K,https://m.media-amazon.com/images/M/MV5BMWE3MGYzZjktY2Q5Mi00Y2NiLWIyYWUtMmIyNzA3YmZlMGFhXkEyXkFqcGdeQXVyMTMxODk2OTU@._V1_QL75_UX140_CR0
Fogo Contra Fogo,1995,2h 50m,8.3,696K,https://m.media-amazon.com/images/M/MV5BYjZjNTJlZGUtZTE1Ny00ZDc4LTgwYjUtMzk0NDgwYzZjYTk1XkEyXkFqcGdeQXVyNjU0OTQ0OTY@._V1_QL75_UY207_CR2
Up: Altas Aventuras,2009,1h 36m,8.3,1.1M,https://m.media-amazon.com/images/M/MV5BYjBkM2RjMzItM2M3Ni00N2NjLWE3NzMtMGY4MzE4MDAzMTRiXkEyXkFqcGdeQXVyNDUzOTQ5MjY@._V1_QL75_UX140_CR0
Hamilton,2020,2h 40m,8.3,107K,https://m.media-amazon.com/images/M/MV5BNjViNWRjYWEtZTI0NC00N2E3LTk0NGQtMjY4NTM3OGNkZjY0XkEyXkFqcGdeQXVyMjUxMTY3ODM@._V1_QL75_UX140_CR0
O Sol é para Todos,1962,2h 9m,8.3,327K,https://m.media-amazon.com/images/M/MV5BNmVmYzcwNzMtMWM1NS00MWIyLThlMDEtYzUwZDgzODE1NmE2XkEyXkFqcGdeQXVyNzkwMjQ5NzM@._V1_QL75_UX140_CR0
Golpe de Mestre,1973,2h 9m,8.3,273K,https://m.media-amazon.com/images/M/MV5BNGU3NjQ4YTMtZGJjOS00YTQ3LThmNmItMTI5MDE2ODI3NzY3XkEyXkFqcGdeQXVyMjUzOTY1NTc@._V1_QL75_UX140_CR0
A Separação,2011,2h 3m,8.3,253K,https://m.media-amazon.com/images/M/MV5BN2JmMjViMjMtZTM5Mi00ZGZkLTk5YzctZDg5MjFjZDE4NjNkXkEyXkFqcGdeQXVyMTMxODk2OTU@._V1_QL75_UX140_CR0
Indiana Jones e a Última Cruzada,1989,2h 7m,8.2,794K,https://m.media-amazon.com/images/M/MV5BNmU4ZDMzMDEtMWIwZS00ZGE5LWJmODUtYjUxM2VjZDcwMGE3XkEyXkFqcGdeQXVyMTAyOTE2ODg0._V1_QL75_UY207_CR4
Metrópolis,1927,2h 33m,8.3,181K,https://m.media-amazon.com/images/M/MV5BMTg5YWIyMWUtZDY5My00Zjc1LTljOTctYmI0MWRmY2M2NmRkXkEyXkFqcGdeQXVyMTMxODk2OTU@._V1_QL75_UY207_CR0
Duro de Matar,1988,2h 12m,8.2,915K,https://m.media-amazon.com/images/M/MV5BNzU4MWNjYzQtMDEzNS00ZDA1LWI1YTQtM2ZlMzY2MTg1MmM3XkEyXkFqcGdeQXVyMTAyOTE2ODg0._V1_QL75_UY207_CR4
Como Estrelas na Terra,2007,2h 45m,8.3,202K,https://m.media-amazon.com/images/M/MV5BYjY0MGU3MmQtMGVhOS00M2IyLWI1MTktZGUxMzBjMTE5ZDA3XkEyXkFqcGdeQXVyNjU0OTQ0OTY@._V1_QL75_UY207_CR2
Snatch: Porcos e Diamantes,2000,1h 44m,8.2,889K,https://m.media-amazon.com/images/M/MV5BNjYzMGNhYmItYjBhMi00YmMxLWExYTQtNmNjOWQ3MWE5YTI1XkEyXkFqcGdeQXVyMTAyOTE2ODg0._V1_QL75_UY207_CR4
Ladrões de Bicicletas,1948,1h 29m,8.3,171K,https://m.media-amazon.com/images/M/MV5BNmI1ODdjODctMDlmMC00ZWViLWI5MzYtYzRhNDdjYmM3MzFjXkEyXkFqcGdeQXVyMTMxODk2OTU@._V1_QL75_UY207_CR2
Los Angeles: Cidade Proibida,1997,2h 18m,8.2,603K,https://m.media-amazon.com/images/M/MV5BMDQ2YzEyZGItYWRhOS00MjBmLTkzMDUtMTdjYzkyMmQxZTJlXkEyXkFqcGdeQXVyNjU0OTQ0OTY@._V1_QL75_UY207_CR1
Taxi Driver: Motorista de Táxi,1976,1h 54m,8.2,889K,https://m.media-amazon.com/images/M/MV5BM2M1MmVhNDgtNmI0YS00ZDNmLTkyNjctNTJiYTQ2N2NmYzc2XkEyXkFqcGdeQXVyNzkwMjQ5NzM@._V1_QL75_UX140_CR0
1917,2019,1h 59m,8.2,645K,https://m.media-amazon.com/images/M/MV5BZWRjZDc3OTctN2JlNi00MmQwLTljZGQtZjc0NjdhZjI2OGUzXkEyXkFqcGdeQXVyMTA3MDk2NDg2._V1_QL75_UX140_CR0
A Queda! As Últimas Horas de Hitler,2004,2h 36m,8.2,368K,https://m.media-amazon.com/images/M/MV5BMWM2Y2ZlZDYtZTEwOC00M2NhLTgzNTYtN2Y5NDQ1NmFmN2Y5XkEyXkFqcGdeQXVyMTAyOTE2ODg0._V1_QL75_UX140_CR0
Dangal,2016,2h 41m,8.3,203K,https://m.media-amazon.com/images/M/MV5BMTQ4MzQzMzM2Nl5BMl5BanBnXkFtZTgwMTQ1NzU3MDI@._V1_QL75_UY207_CR4
Por uns Dólares a Mais,1965,2h 12m,8.2,268K,https://m.media-amazon.com/images/M/MV5BMzJlZTNkYjQtMTE1OS00YTJlLTgxNjItYzg4NTllODdkMzBiXkEyXkFqcGdeQXVyMjUzOTY1NTc@._V1_QL75_UX140_CR0
Batman Begins,2005,2h 20m,8.2,1.5M,https://m.media-amazon.com/images/M/MV5BOTY4YjI2N2MtYmFlMC00ZjcyLTg3YjEtMDQyM2ZjYzQ5YWFkXkEyXkFqcGdeQXVyMTQxNzMzNDI@._V1_QL75_UY207_CR0
Top Gun: Maverick,2022,2h 10m,8.3,635K,https://m.media-amazon.com/images/M/MV5BMGU1MWFkYzEtYTFjZS00NDIxLThiYzAtN2ExMGJhOTE2MWVhXkEyXkFqcGdeQXVyMTY4MjE1MDA@._V1_QL75_UY207_CR8
Quanto Mais Quente Melhor,1959,2h 1m,8.2,278K,https://m.media-amazon.com/images/M/MV5BNzAyOGIxYjAtMGY2NC00ZTgyLWIwMWEtYzY0OWQ4NDFjOTc5XkEyXkFqcGdeQXVyNjU0OTQ0OTY@._V1_QL75_UX140_CR0
O Garoto,1921,1h 8m,8.2,132K,https://m.media-amazon.com/images/M/MV5BZjhhMThhNDItNTY2MC00MmU1LTliNDEtNDdhZjdlNTY5ZDQ1XkEyXkFqcGdeQXVyNjc1NTYyMjg@._V1_QL75_UX140_CR0
O Lobo de Wall Street,2013,3h,8.2,1.5M,https://m.media-amazon.com/images/M/MV5BZTk1Y2ViODktYjc5Mi00MTQwLWI1ZjItODQwYmI1NDQzMDU0XkEyXkFqcGdeQXVyODc0OTEyNDU@._V1_QL75_UY207_CR1
Meu Pai,2020,1h 37m,8.2,179K,https://m.media-amazon.com/images/M/MV5BZGJhNWRiOWQtMjI4OS00ZjcxLTgwMTAtMzQ2ODkxY2JkOTVlXkEyXkFqcGdeQXVyMTkxNjUyNQ@@._V1_QL75_UX140_CR0
Green Book: O Guia,2018,2h 10m,8.2,538K,https://m.media-amazon.com/images/M/MV5BZjIwZTExNGMtM2IyOS00NDhjLThjNGYtMGE1NzQxNWU5NzYxXkEyXkFqcGdeQXVyMTAzMDM4MjM0._V1_QL75_UX140_CR0
A Malvada,1950,2h 18m,8.2,136K,https://m.media-amazon.com/images/M/MV5BYmE1M2Y3NTYtYTI0Mi00N2JlLTkzMzItOTY1MTlhNWNkMDgzXkEyXkFqcGdeQXVyMTUzMDUzNTI3._V1_QL75_UX140_CR0
Julgamento em Nuremberg,1961,2h 59m,8.3,82K,https://m.media-amazon.com/images/M/MV5BNDc2ODQ5NTE2MV5BMl5BanBnXkFtZTcwODExMjUyNA@@._V1_QL75_UX140_CR0
O Show de Truman: O Show da Vida,1998,1h 43m,8.2,1.2M,https://m.media-amazon.com/images/M/MV5BZmFjMjA4YjYtOTExYy00ZDM1LWIwZmYtZWY5Yjg4ODNkNjRiXkEyXkFqcGdeQXVyMTAyOTE2ODg0._V1_QL75_UY207_CR3
Sangue Negro,2007,2h 38m,8.2,621K,https://m.media-amazon.com/images/M/MV5BMjAxODQ4MDU5NV5BMl5BanBnXkFtZTcwMDU4MjU1MQ@@._V1_QL75_UX140_CR0
Cassino,1995,2h 58m,8.2,547K,https://m.media-amazon.com/images/M/MV5BOThkYjU3OWQtN2Y3OC00ZDk1LWI1MDQtZTkxZjZiZGU5N2Q0XkEyXkFqcGdeQXVyMTA3MzQ4MTc0._V1_QL75_UX140_CR0
Ran,1985,2h 40m,8.2,132K,https://m.media-amazon.com/images/M/MV5BMmU1NGYwZWYtOWExNi00ZTEyLTgwMmUtM2ZlMDVjNWM4YjVlXkEyXkFqcGdeQXVyMjUzOTY1NTc@._V1_QL75_UX140_CR0
Ilha do Medo,2010,2h 18m,8.2,1.4M,https://m.media-amazon.com/images/M/MV5BMjI5ZDk0YWUtYzk0Mi00MWMyLTg5ZDUtNzc0NDNmOTI5NzY2XkEyXkFqcGdeQXVyMTAyOTE2ODg0._V1_QL75_UY207_CR4
O Labirinto do Fauno,2006,1h 58m,8.2,690K,https://m.media-amazon.com/images/M/MV5BYzFjMThiMGItOWRlMC00MDI4LThmOGUtYTNlZGZiYWI1YjMyXkEyXkFqcGdeQXVyMjUzOTY1NTc@._V1_QL75_UX140_CR0
O Sexto Sentido,1999,1h 47m,8.2,1M,https://m.media-amazon.com/images/M/MV5BMWM4NTFhYjctNzUyNi00NGMwLTk3NTYtMDIyNTZmMzRlYmQyXkEyXkFqcGdeQXVyMTAwMzUyOTc@._V1_QL75_UY207_CR0
Jurassic Park,1993,2h 7m,8.2,1M,https://m.media-amazon.com/images/M/MV5BZTY4NjIxYTctZDcwNS00MjNmLTlhYTQtMzI3OWYyNzQwMjdkXkEyXkFqcGdeQXVyNTk2MDQ0MjA@._V1_QL75_UX140_CR0
Os Imperdoáveis,1992,2h 10m,8.2,427K,https://m.media-amazon.com/images/M/MV5BODM3YWY4NmQtN2Y3Ni00OTg0LWFhZGQtZWE3ZWY4MTJlOWU4XkEyXkFqcGdeQXVyNjU0OTQ0OTY@._V1_QL75_UX140_CR0
Uma Mente Brilhante,2001,2h 15m,8.2,965K,https://m.media-amazon.com/images/M/MV5BMzcwYWFkYzktZjAzNC00OGY1LWI4YTgtNzc5MzVjMDVmNjY0XkEyXkFqcGdeQXVyMTQxNzMzNDI@._V1_QL75_UX140_CR0
O Tesouro da Sierra Madre,1948,2h 6m,8.2,130K,https://m.media-amazon.com/images/M/MV5BOTJlZWMxYzEtMjlkMS00ODE0LThlM2ItMDI3NGQ2YjhmMzkxXkEyXkFqcGdeQXVyMDI2NDg0NQ@@._V1_QL75_UX140_CR0
"Yojimbo, o Guarda-Costas",1961,1h 50m,8.2,128K,https://m.media-amazon.com/images/M/MV5BZThiZjAzZjgtNDU3MC00YThhLThjYWUtZGRkYjc2ZWZlOTVjXkEyXkFqcGdeQXVyNTA4NzY1MzY@._V1_QL75_UX140_CR0
Onde os Fracos Não Têm Vez,2007,2h 2m,8.2,1M,https://m.media-amazon.com/images/M/MV5BNmU2MTk4NjItNmE5Yi00NWZjLWIzNzUtMDM2Y2ZhY2U2NGU5XkEyXkFqcGdeQXVyODc0OTEyNDU@._V1_QL75_UY207_CR2
Kill Bill: Volume 1,2003,1h 51m,8.2,1.2M,https://m.media-amazon.com/images/M/MV5BMThlMGE3ODYtOGM4Mi00ZDc0LWE4ZDItMmU2Y2E0MGZjZTAzXkEyXkFqcGdeQXVyNzkwMjQ5NzM@._V1_QL75_UX140_CR0
Monty Python em Busca do Cálice Sagrado,1975,1h 31m,8.2,560K,https://m.media-amazon.com/images/M/MV5BYWZmNzcxZGQtYjg0OS00Yzk5LTkxZTEtOGNmMmMxOThhN2Q4XkEyXkFqcGdeQXVyMTAyOTE2ODg0._V1_QL75_UY207_CR3
O Enigma de Outro Mundo,1982,1h 49m,8.2,450K,https://m.media-amazon.com/images/M/MV5BNTliMTUwYWEtYWEyMS00OGY5LTk5MDQtZmNmNWUzZTc3M2RlXkEyXkFqcGdeQXVyMTAyOTE2ODg0._V1_QL75_UY207_CR11
Fugindo do Inferno,1963,2h 52m,8.2,254K,https://m.media-amazon.com/images/M/MV5BNzA2NmYxMWUtNzBlMC00MWM2LTkwNmQtYTFlZjQwODNhOWE0XkEyXkFqcGdeQXVyNTIzOTk5ODM@._V1_QL75_UX140_CR0
Rashomon,1950,1h 28m,8.2,176K,https://m.media-amazon.com/images/M/MV5BOTUwOTc3YzctMjJiZi00ZjE2LWFhODQtOTMyY2Q1MjU2OGI4XkEyXkFqcGdeQXVyNjc5NjEzNA@@._V1_QL75_UX140_CR0
Procurando Nemo,2003,1h 40m,8.2,1.1M,https://m.media-amazon.com/images/M/MV5BOGZkYmMwMGMtMDA2Zi00MmUzLTgyODctOTg1Yjg4NTI3NDFjXkEyXkFqcGdeQXVyODc0OTEyNDU@._V1_QL75_UY207_CR4
O Homem Elefante,1980,2h 4m,8.2,253K,https://m.media-amazon.com/images/M/MV5BMDVjNjIwOGItNDE3Ny00OThjLWE0NzQtZTU3YjMzZTZjMzhkXkEyXkFqcGdeQXVyMTQxNzMzNDI@._V1_QL75_UX140_CR0
Chinatown,1974,2h 10m,8.2,341K,https://m.media-amazon.com/images/M/MV5BMjJkMDZhYzItZTFhMi00ZGI4LThlNTAtZDNlYmEwNjFkNDYzXkEyXkFqcGdeQXVyMjUzOTY1NTc@._V1_QL75_UX140_CR0
O Castelo Animado,2004,1h 59m,8.2,427K,https://m.media-amazon.com/images/M/MV5BNmM4YTFmMmItMGE3Yy00MmRkLTlmZGEtMzZlOTQzYjk3MzA2XkEyXkFqcGdeQXVyMTMxODk2OTU@._V1_QL75_UX140_CR0
Disque M para Matar,1954,1h 45m,8.2,184K,https://m.media-amazon.com/images/M/MV5BZDExY2U3NTgtNzUxZS00MjgwLTgzZmQtM2JlYWVjYjMyZmY4XkEyXkFqcGdeQXVyMTAyOTE2ODg0._V1_QL75_UY207_CR4
E o Vento Levou,1939,3h 58m,8.2,327K,https://m.media-amazon.com/images/M/MV5BYjUyZWZkM2UtMzYxYy00ZmQ3LWFmZTQtOGE2YjBkNjA3YWZlXkEyXkFqcGdeQXVyNzkwMjQ5NzM@._V1_QL75_UX140_CR0
V de Vingança,2005,2h 12m,8.2,1.2M,https://m.media-amazon.com/images/M/MV5BOTI5ODc3NzExNV5BMl5BanBnXkFtZTcwNzYxNzQzMw@@._V1_QL75_UX140_CR0
Touro Indomável,1980,2h 9m,8.1,370K,https://m.media-amazon.com/images/M/MV5BOGVkMzI0MGQtOTk4ZS00YjNjLWI1OWItODYyY2ZhZDhlNjE5XkEyXkFqcGdeQXVyMTAyOTE2ODg0._V1_QL75_UY207_CR3
"Jogos, Trapaças e Dois Canos Fumegantes",1998,1h 47m,8.1,604K,https://m.media-amazon.com/images/M/MV5BMTAyN2JmZmEtNjAyMy00NzYwLThmY2MtYWQ3OGNhNjExMmM4XkEyXkFqcGdeQXVyNDk3NzU2MTQ@._V1_QL75_UX140_CR0
Homem-Aranha: Sem Volta para Casa,2021,2h 28m,8.2,836K,https://m.media-amazon.com/images/M/MV5BZWMyYzFjYTYtNTRjYi00OGExLWE2YzgtOGRmYjAxZTU3NzBiXkEyXkFqcGdeQXVyMzQ0MzA0NTM@._V1_QL75_UX140_CR0
Os Suspeitos,2013,2h 33m,8.1,775K,https://m.media-amazon.com/images/M/MV5BOWE2OTMyZDctMjVlOC00NDcwLWE5ZGQtNmZjYmZhZmIwZDE5XkEyXkFqcGdeQXVyMTAyOTE2ODg0._V1_QL75_UY207_CR1
O Segredo dos Seus Olhos,2009,2h 9m,8.2,218K,https://m.media-amazon.com/images/M/MV5BNDFiZWMwYTItYjk2NC00YmI4LTkwYmQtMWRlODE3OWQ4ZjllXkEyXkFqcGdeQXVyMTAyOTE2ODg0._V1_QL75_UY207_CR2
Divertida Mente,2015,1h 35m,8.1,757K,https://m.media-amazon.com/images/M/MV5BOGQzMjI5MTctNzUwMC00OTJmLWJhYzUtNWRlYmQ3YmMzMWU1XkEyXkFqcGdeQXVyMTAyOTE2ODg0._V1_QL75_UY207_CR3
Três Anúncios para um Crime,2017,1h 55m,8.1,538K,https://m.media-amazon.com/images/M/MV5BZjhiNGQwODMtMTA0ZS00OWQwLWFjNGEtNTE0MjY4NmY5ZDZhXkEyXkFqcGdeQXVyMTAzMDM4MjM0._V1_QL75_UY207_CR1
A Ponte do Rio Kwai,1957,2h 41m,8.1,229K,https://m.media-amazon.com/images/M/MV5BOGY5NmNlMmQtYzRlYy00NGQ5LWFkYjYtNzExZmQyMTg0ZDA0XkEyXkFqcGdeQXVyNDIzMzcwNjc@._V1_QL75_UX140_CR0
Trainspotting: Sem Limites,1996,1h 33m,8.1,711K,https://m.media-amazon.com/images/M/MV5BZDY5NTdjOTYtNTI2Yy00ODBlLWJiNmEtMTQwMTg1MTRhODg4XkEyXkFqcGdeQXVyMTAyOTE2ODg0._V1_QL75_UY207_CR3
Fargo: Uma Comédia de Erros,1996,1h 38m,8.1,705K,https://m.media-amazon.com/images/M/MV5BNDJiZDgyZjctYmRjMS00ZjdkLTkwMTEtNGU1NDg3NDQ0Yzk1XkEyXkFqcGdeQXVyNzkwMjQ5NzM@._V1_QL75_UY207_CR0
Guerreiro,2011,2h 20m,8.1,489K,https://m.media-amazon.com/images/M/MV5BZDI1YzliOTEtYzgxYi00NDJhLTlmYTUtY2FjOWZmMmI2ODZhXkEyXkFqcGdeQXVyMTAyOTE2ODg0._V1_QL75_UY207_CR4
Gran Torino,2008,1h 56m,8.1,800K,https://m.media-amazon.com/images/M/MV5BMTc5NTk2OTU1Nl5BMl5BanBnXkFtZTcwMDc3NjAwMg@@._V1_QL75_UY207_CR0
Prenda-me se for Capaz,2002,2h 21m,8.1,1.1M,https://m.media-amazon.com/images/M/MV5BN2E4OWRkZDctNTNhMi00MTQzLTg1MDQtNGYyZDE5NTkxMThiXkEyXkFqcGdeQXVyMTAyOTE2ODg0._V1_QL75_UY207_CR10
Meu Amigo Totoro,1988,1h 26m,8.1,363K,https://m.media-amazon.com/images/M/MV5BZWEwZmYxNTEtNmExMi00ZWExLWI0MTYtOTM3ZTIxZDk1MmZmXkEyXkFqcGdeQXVyNzg5MzIyOA@@._V1_QL75_UY207_CR3
Menina de Ouro,2004,2h 12m,8.1,709K,https://m.media-amazon.com/images/M/MV5BOTY1MWEzYzQtMTUwNy00MTk2LWI5MDMtNTA5NTY5MzY3Zjc3XkEyXkFqcGdeQXVyMTAyOTE2ODg0._V1_QL75_UX140_CR0
Klaus,2019,1h 36m,8.2,173K,https://m.media-amazon.com/images/M/MV5BMWYwOThjM2ItZGYxNy00NTQwLWFlZWEtM2MzM2Q5MmY3NDU5XkEyXkFqcGdeQXVyMTkxNjUyNQ@@._V1_QL75_UX140_CR0
Harry Potter e as Relíquias da Morte - Parte 2,2011,2h 10m,8.1,920K,https://m.media-amazon.com/images/M/MV5BOWNlZDEyZTktOTE0ZS00Mjc1LTg2OWEtODVjOWY3Yjc3OThiXkEyXkFqcGdeQXVyNzAwMjU2MTY@._V1_QL75_UY207_CR2
Filhos do Paraíso,1997,1h 29m,8.2,79K,https://m.media-amazon.com/images/M/MV5BZmY2ZWNmNjUtZmIwZC00M2Q0LWE1MGMtNjVkNTNjNTA4NWZkXkEyXkFqcGdeQXVyMTAyOTE2ODg0._V1_QL75_UY207_CR2
Blade Runner: O Caçador de Androides,1982,1h 57m,8.1,803K,https://m.media-amazon.com/images/M/MV5BNjIwZTVkOWMtNTk0My00NDRkLWI3ZDktOWMzOWRmOGViMzBkXkEyXkFqcGdeQXVyMTAzMDM4MjM0._V1_QL75_UY207_CR1
12 Anos de Escravidão,2013,2h 14m,8.1,727K,https://m.media-amazon.com/images/M/MV5BMGUzNmY2MzMtNjYzOS00ZTMyLWFiMTctZTAwNzczZjE1OWRjXkEyXkFqcGdeQXVyMTAzMDM4MjM0._V1_QL75_UY207_CR1
Antes do Amanhecer,1995,1h 41m,8.1,329K,https://m.media-amazon.com/images/M/MV5BMDEwYjkxZTgtZDcwYy00NTI5LTllMTktMDI3NmY2NGNlYzU0XkEyXkFqcGdeQXVyMTAyOTE2ODg0._V1_QL75_UY207_CR4
O Grande Hotel Budapeste,2014,1h 39m,8.1,861K,https://m.media-amazon.com/images/M/MV5BNGE0YjdkOWMtYzA2ZS00NTJlLWE3NTYtODI3YjUzZmFkYTViXkEyXkFqcGdeQXVyMTAyOTE2ODg0._V1_QL75_UY207_CR1
Em Busca do Ouro,1925,1h 35m,8.1,116K,https://m.media-amazon.com/images/M/MV5BZjEyOTE4MzMtNmMzMy00Mzc3LWJlOTQtOGJiNDE0ZmJiOTU4L2ltYWdlXkEyXkFqcGdeQXVyNTAyODkwOQ@@._V1_QL75_UY207_CR6
Ben-Hur,1959,3h 32m,8.1,249K,https://m.media-amazon.com/images/M/MV5BNjgxY2JiZDYtZmMwOC00ZmJjLWJmODUtMTNmNWNmYWI5ODkwL2ltYWdlL2ltYWdlXkEyXkFqcGdeQXVyNjc1NTYyMjg@._V1_QL75_UX140_CR0
Garota Exemplar,2014,2h 29m,8.1,1M,https://m.media-amazon.com/images/M/MV5BY2UwMWYzZjEtZjQyZS00MmQ0LTg5ZmItNDEyNDg3ZDdjMWQ5XkEyXkFqcGdeQXVyMTAzMDM4MjM0._V1_QL75_UY207_CR1
Barry Lyndon,1975,3h 5m,8.1,178K,https://m.media-amazon.com/images/M/MV5BNmY0MWY2NDctZDdmMi00MjA1LTk0ZTQtZDMyZTQ1NTNlYzVjXkEyXkFqcGdeQXVyMjUzOTY1NTc@._V1_QL75_UX140_CR0
Sindicato de Ladrões,1954,1h 48m,8.1,161K,https://m.media-amazon.com/images/M/MV5BY2I0MWFiZDMtNWQyYy00Njk5LTk3MDktZjZjNTNmZmVkYjkxXkEyXkFqcGdeQXVyNjc1NTYyMjg@._V1_QL75_UX140_CR0
Até o Último Homem,2016,2h 19m,8.1,570K,https://m.media-amazon.com/images/M/MV5BY2U4ZjdiOWMtZDVlNy00ZWUyLTlkZWYtZjRjOWU0YzBmYTcyXkEyXkFqcGdeQXVyMTAyOTE2ODg0._V1_QL75_UY207_CR3
Em Nome do Pai,1993,2h 13m,8.1,183K,https://m.media-amazon.com/images/M/MV5BMmYyOTgwYWItYmU3Ny00M2E2LTk0NWMtMDVlNmQ0MWZiMTMxXkEyXkFqcGdeQXVyNzkwMjQ5NzM@._V1_QL75_UX140_CR0
Memórias de um Assassino,2003,2h 11m,8.1,205K,https://m.media-amazon.com/images/M/MV5BZGExZTdiYzktMDk3Mi00N2U2LThiMWMtZjZiNDcxMmU2MDM5XkEyXkFqcGdeQXVyMTAyOTE2ODg0._V1_QL75_UY207_CR3
A General,1926,1h 18m,8.1,96K,https://m.media-amazon.com/images/M/MV5BYmRiMDFlYjYtOTMwYy00OGY2LWE0Y2QtYzQxOGNhZmUwNTIxXkEyXkFqcGdeQXVyNzkwMjQ5NzM@._V1_QL75_UX140_CR0
O Franco Atirador,1978,3h 3m,8.1,353K,https://m.media-amazon.com/images/M/MV5BNDhmNTA0ZDMtYjhkNS00NzEzLWIzYTItOGNkMTVmYjE2YmI3XkEyXkFqcGdeQXVyNzkwMjQ5NzM@._V1_QL75_UY207_CR0
Morangos Silvestres,1957,1h 31m,8.1,112K,https://m.media-amazon.com/images/M/MV5BZWQ0YzM3MTUtOGQ5YS00ZGY0LWIzMTUtY2JmNGFmMWE0MTczXkEyXkFqcGdeQXVyMTAyOTE2ODg0._V1_QL75_UY207_CR3
O 3º Homem,1949,1h 44m,8.1,178K,https://m.media-amazon.com/images/M/MV5BYjE2OTdhMWUtOGJlMy00ZDViLWIzZjgtYjZkZGZmMDZjYmEyXkEyXkFqcGdeQXVyNzkwMjQ5NzM@._V1_QL75_UX140_CR0
Relatos Selvagens,2014,2h 2m,8.1,210K,https://m.media-amazon.com/images/M/MV5BODVkZjVjMGYtYzY3NS00YzBkLWE4NDEtODc4YmJlODRmNTI1XkEyXkFqcGdeQXVyMTAyOTE2ODg0._V1_QL75_UY207_CR1
O Salário do Medo,1953,2h 11m,8.2,65K,https://m.media-amazon.com/images/M/MV5BMTIwZWMzOTQtZTJjYy00ZTYwLThlODEtNjkxNzhiNGU0MWQ5XkEyXkFqcGdeQXVyMTAyOTE2ODg0._V1_QL75_UY207_CR4
Bancando o Águia,1924,45m,8.2,54K,https://m.media-amazon.com/images/M/MV5BZWFhOGU5NDctY2Q3YS00Y2VlLWI1NzEtZmIwY2ZiZjY4OTA2XkEyXkFqcGdeQXVyMDI2NDg0NQ@@._V1_QL75_UX140_CR0
Sociedade dos Poetas Mortos,1989,2h 8m,8.1,524K,https://m.media-amazon.com/images/M/MV5BMDhhMzA0YmItODRiZi00ZTYxLWE3YzgtNmUxZmQ0NGVhNWI0XkEyXkFqcGdeQXVyMTAyOTE2ODg0._V1_QL75_UY207_CR4
Mad Max: Estrada da Fúria,2015,2h,8.1,1.1M,https://m.media-amazon.com/images/M/MV5BNTA2ZTM0MGEtMWRkNC00ZTRkLWI1MTEtZjYzMzJhZTNiOTU2XkEyXkFqcGdeQXVyMTAyOTE2ODg0._V1_QL75_UX140_CR0
A Mulher Faz o Homem,1939,2h 9m,8.1,119K,https://m.media-amazon.com/images/M/MV5BZTYwYjYxYzgtMDE1Ni00NzU4LWJlMTEtODQ5YmJmMGJhZjI5L2ltYWdlXkEyXkFqcGdeQXVyMDI2NDg0NQ@@._V1_QL75_UX140_CR0
Monstros SA,2001,1h 32m,8.1,952K,https://m.media-amazon.com/images/M/MV5BZGViZDY3N2QtNTU1OS00NTkzLWJlZGMtYzE3NDEyMDQxNmYzXkEyXkFqcGdeQXVyNzg5MzIyOA@@._V1_QL75_UY207_CR5
Tubarão,1975,2h 4m,8.1,642K,https://m.media-amazon.com/images/M/MV5BNWJiMGQ5YTQtZDk2Mi00ZDExLTgzMGUtM2M2ODVkYmNlYWJkXkEyXkFqcGdeQXVyMTAyOTE2ODg0._V1_QL75_UY207_CR3
Como Treinar o Seu Dragão,2010,1h 38m,8.1,778K,https://m.media-amazon.com/images/M/MV5BMjA5NDQyMjc2NF5BMl5BanBnXkFtZTcwMjg5ODcyMw@@._V1_QL75_UX140_CR0
Mary e Max: Uma Amizade Diferente,2009,1h 32m,8.1,183K,https://m.media-amazon.com/images/M/MV5BNGFiMjFjYjMtYjExOC00NzU2LTk2ZTItMjA0Njc2ZjFiNjRhXkEyXkFqcGdeQXVyMTAyOTE2ODg0._V1_QL75_UY207_CR3
O Sétimo Selo,1957,1h 36m,8.1,194K,https://m.media-amazon.com/images/M/MV5BOWM3MmE0OGYtOGVlNC00OWE1LTk5ZTAtYmUwMDIwM2ZlNWJiXkEyXkFqcGdeQXVyMjUzOTY1NTc@._V1_QL75_UY207_CR1
O Quarto de Jack,2015,1h 58m,8.1,440K,https://m.media-amazon.com/images/M/MV5BZTBlM2RlMWMtMDNmNi00MzE1LTgxOTMtZTM3MDJiYWE3NzMxXkEyXkFqcGdeQXVyMTAyOTE2ODg0._V1_QL75_UY207_CR1
Ford vs Ferrari,2019,2h 32m,8.1,440K,https://m.media-amazon.com/images/M/MV5BMzliNDUxMDMtYjM4Ny00Y2U2LWE4ZTUtNTE3MjhmNWQ5YTFkXkEyXkFqcGdeQXVyMTAzMDM4MjM0._V1_QL75_UX140_CR0
O Grande Lebowski,1998,1h 57m,8.1,841K,https://m.media-amazon.com/images/M/MV5BMDQxOTk1YmUtNDg3NC00ZGY5LTkzYTUtOTExMDgzMzE0YTUzXkEyXkFqcGdeQXVyMTAyOTE2ODg0._V1_QL75_UY207_CR7
Era uma Vez em Tóquio,1953,2h 16m,8.1,66K,https://m.media-amazon.com/images/M/MV5BZmQwYmRmOTgtYmNjZC00NGZkLTg0ZGItMWMwY2ExMDllYWRiXkEyXkFqcGdeQXVyMjgyNjk3MzE@._V1_QL75_UY207_CR3
Ratatouille,2007,1h 51m,8.1,792K,https://m.media-amazon.com/images/M/MV5BMjdkM2Y5YTEtNDgyYS00YzU2LTgwYjQtNjQxOGYwYTRmMzNmXkEyXkFqcGdeQXVyMTAyOTE2ODg0._V1_QL75_UY207_CR1
Rocky: Um Lutador,1976,2h,8.1,612K,https://m.media-amazon.com/images/M/MV5BZGJhOTdkZWMtNmIyYi00NDY4LThiODUtNWIxNTIyYmNhN2FmXkEyXkFqcGdeQXVyMTAyOTE2ODg0._V1_QL75_UX140_CR0
Hotel Ruanda,2004,2h 1m,8.1,366K,https://m.media-amazon.com/images/M/MV5BMDA2ODZhYTktMjI3MC00N2NlLTk5ZjgtNGQ1OGI1MWIyOTk0XkEyXkFqcGdeQXVyMTAyOTE2ODg0._V1_QL75_UY207_CR3
Logan,2017,2h 17m,8.1,806K,https://m.media-amazon.com/images/M/MV5BYThiM2VjYWItM2NlYi00NDk3LTk2YjItYTg4OGM3YWE5MWI2XkEyXkFqcGdeQXVyNjczOTE0MzM@._V1_QL75_UX140_CR0
O Martírio de Joana DArc,1928,1h 50m,8.1,59K,https://m.media-amazon.com/images/M/MV5BNjBjNDJiYTUtOWY0OS00OGVmLTg2YzctMTE0NzVhODM1ZWJmXkEyXkFqcGdeQXVyNjU0OTQ0OTY@._V1_QL75_UX140_CR0
Spotlight: Segredos Revelados,2015,2h 9m,8.1,491K,https://m.media-amazon.com/images/M/MV5BMWQyMTU5NTctNGVmZS00ZDlkLTkwZTAtYmRmNjZiYmVkNzM1XkEyXkFqcGdeQXVyMTAyOTE2ODg0._V1_QL75_UY207_CR1
Platoon,1986,2h,8.1,430K,https://m.media-amazon.com/images/M/MV5BMzRjZjdlMjQtODVkYS00N2YzLWJlYWYtMGVlN2E5MWEwMWQzXkEyXkFqcGdeQXVyMTQxNzMzNDI@._V1_QL75_UX140_CR0
O Exterminador do Futuro,1984,1h 47m,8.1,903K,https://m.media-amazon.com/images/M/MV5BMTY5YjIwNTEtZDU3NS00ZGIxLWFmNzQtY2E2MWQyMjQ1NmE5XkEyXkFqcGdeQXVyMTY4MjE1MDA@._V1_QL75_UX140_CR0
Jai Bhim,2021,2h 44m,8.8,211K,https://m.media-amazon.com/images/M/MV5BNzFkM2FhMzQtYjUwZi00N2Y3LWFkZWItMmZmMjQxNGQwZmNhXkEyXkFqcGdeQXVyODEyNjEwMDk@._V1_QL75_UY207_CR13
Antes do Pôr do Sol,2004,1h 20m,8.1,280K,https://m.media-amazon.com/images/M/MV5BNWJlZTU1M2ItNjRmOC00ZDMwLTlkMzMtMzQxMmZhZjA1ZWIwXkEyXkFqcGdeQXVyMTAyOTE2ODg0._V1_QL75_UX140_CR0
Rush: No Limite da Emoção,2013,2h 3m,8.1,501K,https://m.media-amazon.com/images/M/MV5BNzUyYTZmMzUtYTY2ZC00NDE5LTk5ZjYtODhmN2QyOWY2MWE1XkEyXkFqcGdeQXVyMTAzMDM4MjM0._V1_QL75_UY207_CR1
Rede de Intrigas,1976,2h 1m,8.1,166K,https://m.media-amazon.com/images/M/MV5BNzY0NjU5ODUtOTAzMC00NTU5LWJkZjctYWMyOWY2MTZmOWM1XkEyXkFqcGdeQXVyMTI3ODAyMzE2._V1_QL75_UX140_CR0
Conta Comigo,1986,1h 29m,8.1,428K,https://m.media-amazon.com/images/M/MV5BNWVlY2M1ZGYtNDRjMy00YjM4LThkMzUtZTQ4NzdjNGVjNTkxXkEyXkFqcGdeQXVyMTAyOTE2ODg0._V1_QL75_UY207_CR3
Os Melhores Anos de Nossa Vida,1946,2h 50m,8.1,69K,https://m.media-amazon.com/images/M/MV5BZjU4MDc0NDItM2I1Ni00MGJiLTg1ZWUtMDY3NmJkNjk3YzQ1XkEyXkFqcGdeQXVyMTAyOTE2ODg0._V1_QL75_UY207_CR4
O Exorcista,1973,2h 2m,8.1,438K,https://m.media-amazon.com/images/M/MV5BYWFlZGY2NDktY2ZjOS00ZWNkLTg0ZDAtZDY4MTM1ODU4ZjljXkEyXkFqcGdeQXVyMjUzOTY1NTc@._V1_QL75_UX140_CR0
O Ódio,1995,1h 38m,8.1,188K,https://m.media-amazon.com/images/M/MV5BOTQxOGU0OWUtMzExYy00ZjIxLWJmMzAtNTI1Y2YxYTMxN2RkXkEyXkFqcGdeQXVyMjUzOTY1NTc@._V1_QL75_UX140_CR0
O Mágico de Oz,1939,1h 42m,8.1,418K,https://m.media-amazon.com/images/M/MV5BMmVmODk3YWItNTg1Zi00OThhLThiZTEtN2RiNTAyNGUxNjE3XkEyXkFqcGdeQXVyMTAyOTE2ODg0._V1_QL75_UY207_CR2
Piratas do Caribe: A Maldição do Pérola Negra,2003,2h 23m,8.1,1.2M,https://m.media-amazon.com/images/M/MV5BNmI3MzhjOGMtMTAyOS00YzI0LThhOTEtZWEyMDAyOGVhNmMwXkEyXkFqcGdeQXVyODc0OTEyNDU@._V1_QL75_UY207_CR2
Na Natureza Selvagem,2007,2h 28m,8.1,645K,https://m.media-amazon.com/images/M/MV5BZTk4NTIxMDgtYmMxOS00ZDYzLWI2ZWQtZDM2NDhiYmMyNjJhXkEyXkFqcGdeQXVyMTAyOTE2ODg0._V1_QL75_UY207_CR5
Os Incríveis,2004,1h 55m,8.0,782K,https://m.media-amazon.com/images/M/MV5BNDAwM2U3MzMtMjkxYS00MGIwLWI3NDktNDk4NjM3YTkxNzI4XkEyXkFqcGdeQXVyMTAyOTE2ODg0._V1_QL75_UX140_CR0
Ser ou Não Ser,1942,1h 39m,8.2,41K,https://m.media-amazon.com/images/M/MV5BYTIwNDcyMjktMTczMy00NDM5LTlhNDEtMmE3NGVjOTM2YjQ3XkEyXkFqcGdeQXVyNjc0MzMzNjA@._V1_QL75_UX140_CR0
Sempre ao Seu Lado,2009,1h 33m,8.1,302K,https://m.media-amazon.com/images/M/MV5BNzE4NDg5OWMtMzg3NC00ZDRjLTllMDMtZTRjNWZmNjBmMGZlXkEyXkFqcGdeQXVyMTMxODk2OTU@._V1_QL75_UY207_CR3
A Criada,2016,2h 25m,8.1,164K,https://m.media-amazon.com/images/M/MV5BY2JjYjYwYTUtZjNkYi00MjgzLTliYjEtMWQ4YjdhNDFkNzUyXkEyXkFqcGdeQXVyMjgyOTI1ODY@._V1_QL75_UY207_CR2
A Batalha de Argel,1966,2h 1m,8.1,64K,https://m.media-amazon.com/images/M/MV5BN2M4YTA4ZTEtN2EyNy00YTlmLWE4YzYtYjYyYjRkMWM4ZDM0XkEyXkFqcGdeQXVyMjUzOTY1NTc@._V1_QL75_UX140_CR0
Feitiço do Tempo,1993,1h 41m,8.0,664K,https://m.media-amazon.com/images/M/MV5BYjdmYjY5NDgtZWQ2OC00MWYzLWE4NDgtMTg0ZGE1OTY0NTkxXkEyXkFqcGdeQXVyMTAyOTE2ODg0._V1_QL75_UY207_CR3
Meu Pai e Meu Filho,2005,1h 52m,8.2,90K,https://m.media-amazon.com/images/M/MV5BNzEzMWYyYjEtNmVjZS00YTAyLWIyOTgtMzEzNzQxMTQzZTgwXkEyXkFqcGdeQXVyMTA0MTM5NjI2._V1_QL75_UX140_CR0
As Vinhas da Ira,1940,2h 9m,8.1,98K,https://m.media-amazon.com/images/M/MV5BNzJiOGI2MjctYjUyMS00ZjkzLWE2ZmUtOTg4NTZkOTNhZDc1L2ltYWdlXkEyXkFqcGdeQXVyNjc1NTYyMjg@._V1_QL75_UX140_CR0
Amores Brutos,2000,2h 34m,8.1,249K,https://m.media-amazon.com/images/M/MV5BZjUxNmEwOGItMTBmYi00MWQ1LWExY2MtNDUxMjI0OWM4M2NiXkEyXkFqcGdeQXVyMjUzOTY1NTc@._V1_QL75_UX140_CR0
"Rebecca, a Mulher Inesquecível",1940,2h 10m,8.1,143K,https://m.media-amazon.com/images/M/MV5BZDY1ZDFkNjAtMTIyYy00YWY3LWIyNjMtOTRkOTIzYmEzZjg2XkEyXkFqcGdeQXVyMTAyOTE2ODg0._V1_QL75_UX140_CR0
A Noviça Rebelde,1965,2h 52m,8.1,250K,https://m.media-amazon.com/images/M/MV5BYjg3ODVmNzItOWJhZS00MjYyLWFlMDItNTgxMjhmZGNhNmNhXkEyXkFqcGdeQXVyMTAzMDM4MjM0._V1_QL75_UY207_CR18
Rebeldia Indomável,1967,2h 7m,8.1,185K,https://m.media-amazon.com/images/M/MV5BNjcwNTQ3Y2EtMjdmZi00ODBhLWFhNzQtOTc3MWU5NTZlMDViXkEyXkFqcGdeQXVyMjUzOTY1NTc@._V1_QL75_UX140_CR0
A Canção da Estrada,1955,2h 5m,8.2,36K,https://m.media-amazon.com/images/M/MV5BMmFkNDY5OTktNzY3Yy00OTFlLThhNjktOTRhMmZjZmIxYjAxXkEyXkFqcGdeQXVyNTgyNTA4MjM@._V1_QL75_UX140_CR0
O Gigante de Ferro,1999,1h 26m,8.1,217K,https://m.media-amazon.com/images/M/MV5BYzBjZTNkMzQtZmNkOC00Yzk0LTljMjktZjk3YWVlZjY3NTk2XkEyXkFqcGdeQXVyMTUzMDUzNTI3._V1_QL75_UX140_CR0
Aconteceu Naquela Noite,1934,1h 45m,8.1,109K,https://m.media-amazon.com/images/M/MV5BYzJmMWE5NjAtNWMyZS00NmFiLWIwMDgtZDE2NzczYWFhNzIzXkEyXkFqcGdeQXVyNjc1NTYyMjg@._V1_QL75_UX140_CR0
Histórias Cruzadas,2011,2h 26m,8.1,481K,https://m.media-amazon.com/images/M/MV5BMTM5OTMyMjIxOV5BMl5BanBnXkFtZTcwNzU4MjIwNQ@@._V1_QL75_UX140_CR0
Os Incompreendidos,1959,1h 39m,8.1,125K,https://m.media-amazon.com/images/M/MV5BNzUwYzU2YjctOGM3YS00YjdiLTk1YjctZjdmMDY4ZTE1YWZkXkEyXkFqcGdeQXVyNzYxODE3NTQ@._V1_QL75_UY207_CR8
Quando Duas Mulheres Pecam,1966,1h 25m,8.1,127K,https://m.media-amazon.com/images/M/MV5BYmFlOTcxMWUtZTMzMi00NWIyLTkwOTEtNjIxNmViNzc2Yzc1XkEyXkFqcGdeQXVyMjUzOTY1NTc@._V1_QL75_UX140_CR0
A Vida de Brian,1979,1h 34m,8.0,415K,https://m.media-amazon.com/images/M/MV5BMmZlNTc4ODMtMWVkZi00YzZiLWE2NGEtNGQ2YjllYWI3MWMzXkEyXkFqcGdeQXVyODc0OTEyNDU@._V1_QL75_UY207_CR4
Aladdin,1992,1h 30m,8.0,450K,https://m.media-amazon.com/images/M/MV5BZTg5ZTVmM2EtZjdhZC00MzBjLWEwZTYtNWIwZDczYzZkMzA4XkEyXkFqcGdeQXVyMTQxNzMzNDI@._V1_QL75_UX140_CR0
Gangues de Wasseypur,2012,5h 21m,8.2,101K,https://m.media-amazon.com/images/M/MV5BMTc5NjY4MjUwNF5BMl5BanBnXkFtZTgwODM3NzM5MzE@._V1_QL75_UX140_CR0
